popup,lat,lon
ヴァトナヨークトル国立公園：火山と氷河がつくるダイナミックな自然/2019,64.7843437,-17.20843155
アラスカ・カナダ国境地帯の山岳国立公園群：クルアニ、ランゲル・セント・エライアス、グレイシャー・ベイ、タッシェンシニ・アルセク/1979,63.11514617,-151.1944611
英国の湖水地方/2017,54.37393185,-2.937646509
ジョドレルバンク天文台/2019,53.24281068,-2.300454644
ウェールズ北西部の粘板岩の景観/2021,51.83303758,-1.843311403
ストーンヘンジ、エイヴベリーの巨石遺跡と関連遺跡群/1986,51.42892389,-1.854887449
アルブラとベルニナの景観とレーティッシュ鉄道/2008,46.40888266,10.01970036
コネリアーノとヴァルドッビアーデネのプロセッコ栽培丘陵群 /2019,45.89704035,12.0118446
イヴレーア：20世紀の産業都市/2018,45.46708252,7.880049424
パドヴァの14世紀のフレスコ画群/2021,45.41182238,11.87952452
ボローニャのポルティコ群/2021,44.47929943,11.29804104
知床/2005,44.145623,145.27978
ピサのドゥオーモ広場/1987,43.72322799,10.39471816
フランク・ロイド・ライトの20世紀の建築/2019,41.78978499,-87.59594549
ハーンの宮殿のあるシェキの歴史地区 /2019,41.20443672,47.19761067
北海道・北東北の縄文遺跡群/2021,40.81612005,140.6966164
白神山地/1993,40.47,140.13
平泉－仏国土（浄土）を表す建築・庭園及び考古学的遺跡群－/2011,39.001362,141.10171
ヒルカニアの森林群 /2019,37.0062588,49.427242
日光の社寺/1999,36.757712,139.59883
ジェミーラの考古遺跡/1982,36.31933748,5.73656313
白川郷・五箇山の合掌造り集落/1995,36.260426,136.90652
富岡製糸場と絹産業遺産群/2014,36.255447,138.88795
ゴーハムの洞窟群/2016,36.11740092,-5.342037298
グランド・キャニオン国立公園/1979,36.10687211,-112.1129127
城塞都市ベニー・ハンマード/1980,35.82201178,4.789935527
イラン縦貫鉄道/2021,35.65939084,51.40125549
ティムガッドの考古遺跡/1982,35.48734032,6.467710954
富士山─信仰の対象と芸術の源泉/2013,35.362876,138.73158
ホウラマン/ウラマナトの文化的景観/2021,35.26763714,46.23245715
石見銀山遺跡とその文化的景観/2007,35.112778,132.435
古都京都の文化財/1994,35.039276,135.72969
姫路城/1993,34.837889,134.69352
古都奈良の文化財/1998,34.688797,135.84001
法隆寺地域の仏教建造物群/1993,34.614471,135.7349
百舌鳥・古市古墳群/2019,34.56109597,135.4856421
広島平和記念碑（原爆ドーム）/1996,34.395473,132.45345
ペルシアのカナート/2016,34.33223672,58.68389983
厳島神社/1996,34.296432,132.31922
「神宿る島」宗像・沖ノ島と関連遺産群/2017,34.24550352,130.1057472
紀伊山地の霊場と参詣道/2004,33.837117,135.77311
長崎と天草地方の潜伏キリシタン関連遺産/2018,32.734154,129.87014
カルメル山の人類の進化を示す遺跡群：ナハル・メアロット／ワディ・エル・ムガラ洞窟/2012,32.67069402,34.96615951
イスファハーンのイマーム広場/1979,32.65438479,51.67739831
明治日本の産業革命遺産　製鉄・製鋼、造船、石炭産業/2015,32.62776751,129.7385046
バビロン/2019,32.54227753,44.42088975
ムザブの谷/1982,32.48888833,3.674417619
ヤズドの歴史都市/2017,31.89559464,54.35671644
ネゲヴにある香料の道と砂漠都市群/2005,31.02565204,35.06427851
聖都アブー・メナー/1979,30.84105427,29.66349299
イラク南部のアフワル：生物多様性の保護地域とメソポタミアの都市の残存景観/2016,30.82593034,45.99467114
屋久島/1993,30.333333,130.53333
ルート砂漠/2016,30.25051794,57.08593493
メンフィスのピラミッド地帯/1979,29.97921239,31.13424732
サン・アントニオ・ミッションズ/2015,29.32627324,-98.44757766
ワディ・アル・ヒタン（鯨の谷）/2005,29.2675461,30.02250305
ファールス地方にあるササン朝の考古学的景観/2018,28.92069469,52.5298084
聖カトリーナ修道院地域/2002,28.5559955,33.97605873
奄美大島、徳之島、沖縄島北部及び西表島/2021,28.27803528,129.3592762
カンチェンジュンガ国立公園/2016,27.6672479,88.32456142
小笠原諸島/2011,27.104451,142.20731
ラジャスタン州のジャイプール市街/2019,26.90772882,75.78637713
琉球王国のグスク及び関連遺産群/2000,26.217031,127.71948
古代都市テーベと墓地遺跡/1979,25.69951165,32.63906163
ドーラヴィーラ：ハラッパーの都市/2021,23.88063024,70.21423118
ムンバイにあるヴィクトリア朝ゴシックとアール・デコの建造物群/2018,23.85893012,72.10194038
アーメダバードの歴史都市/2017,23.02201584,72.5716705
ヌビアの遺跡群：アブ・シンベルからフィラエまで/1979,22.33723773,31.62579806
テランガーナ州のカカティーヤ・ルドレシュワラ（ラマッパ）寺院/2021,18.25936769,79.9433178
アンティグアの海軍造船所と関連考古遺跡群/2016,17.00717357,-61.76200634
ナーランダ・マハーヴィハーラの遺跡群/2016,8.344695378,80.39657937
ルウェンゾリ山地国立公園/1994,0.3210347,29.9105365
サワルントのオンビリン炭鉱遺産/2019,-0.595583896,100.7366241
ブウィンディ原生国立公園/1994,-1.028756208,29.68363901
ンバンザ・コンゴ：旧コンゴ王国の首都の遺跡/2017,-6.267295426,14.23385356
イグアス国立公園/1984,-25.68319025,-54.4547017
イスチグアラストとタランパヤ自然公園群/2000,-29.89062257,-67.85347056
技術者エラディオ・ディエステの作品：アトランティーダの教会/2021,-34.74388427,-55.76642961
ロス・アレルセス国立公園/2017,-42.97411346,-71.64385635
ウランゲリ島保護区の自然生態系/2004,71.18888889,-179.7152778
アルタの岩絵群/1985,69.95,23.18333333
イルリサット・アイスフィヨルド/2004,69.13333333,-49.5
プトラナ台地/2010,69.04694444,94.15805556
サーメ人地域/1996,67.33333,17.56666667
ルーレオにあるガンメルスタードの教会街/1996,65.64611111,22.02861111
ヴェガエイヤン：ヴェガ群島/2004,65.61666667,11.75
ソロヴェツキー諸島の文化歴史的建造物群/1992,65.08333333,35.66666667
コミの原生林/1995,65.06666667,60.15
シングヴェトリル国立公園/2004,64.25380556,-21.03725
スルツェイ火山島/2008,63.30305556,-20.60222222
レーロースの鉱山都市と周辺/1980,62.57638889,11.39
ペタヤヴェシの古教会/1994,62.25,25.18333333
ノルウェー西部のフィヨルド、ガイランゲルフィヨルドとネーロイフィヨルド/2005,62.11667,7.16667
キージ島の木造教会と集落/1990,62.07138889,35.2275
ヘルシングランドの装飾された農夫の家/2012,61.70722222,16.19583333
ナハニ国立公園/1978,61.54722222,-125.5894444
ウルネスの木造教会/1979,61.3,7.333333333
ラウマの旧市街/1991,61.12805556,21.51166667
青銅器時代のサンマルラハデンマキ墓群/1999,61.12055556,21.7775
ヴェルラの砕木パルプ・板紙工場/1996,61.06194444,26.64083333
レナ石柱自然公園/2012,60.66666667,127
ファールンの大銅山地域/2001,60.60472222,15.63083333
ベルゲンのブリッゲン地区/1979,60.39722222,5.323055556
スオメンリンナ要塞/1991,60.14722222,24.98722222
エンゲルスベリの製鉄所/1993,59.96666667,16.00833333
サンクト・ペテルブルクの歴史地区と関連建造物群/1990,59.95,30.31833333
フェラポントフ修道院関連遺産群/2000,59.95,38.56666667
リューカン・ノトッデンの産業遺産/2015,59.87861111,8.593611111
タリンの歴史地区/1997,59.43694444,24.73888889
ウッド・バッファロー国立公園/1983,59.35833333,-112.2933333
ビルカとホヴゴーデン/1993,59.335,17.5425
ドロットニングホルムの王領地/1991,59.32305556,17.88333333
スクーグスシルコゴーデンの森林墓地/1994,59.27555556,18.09944444
シュトルーヴェの測地弧/2005,59.05777778,26.33777778
オークニー諸島の新石器時代遺跡/1999,58.99605556,-3.188666667
タヌムの岩絵群/1994,58.70111111,11.34111111
ノヴゴロドと周辺の歴史的建造物群/1992,58.53333333,31.28333333
セント・キルダ諸島/1986,57.81722222,-8.576666667
ヤロスラーヴリの歴史地区/2005,57.65277778,39.87611111
ハンザ都市ヴィスビー/1995,57.64166667,18.29583333
ヴァールベリのグリメトン無線局/2004,57.1,12.38333333
リガの歴史地区/1997,56.95416667,24.11666667
カムチャツカ火山群/1996,56.33333333,158.5
エーランド島南部の農業景観/2000,56.325,16.48333333
セルギエフ・ポサドのトロイツェ・セルギエフ大修道院/1993,56.31036111,38.13119444
カールスクローナの軍港/1998,56.16666667,15.58333333
ウラジーミルとスーズダリの白い建造物群/1992,56.15,40.41666667
クロンボー城/2000,56.03889,12.62083333
フォース鉄道橋/2015,56.00111111,-3.388888889
エディンバラの旧市街と新市街/1995,55.95,-3.216666667
シェラン島北部の王室狩猟場の景観/2015,55.91361111,12.35777778
カザン・クレムリンの歴史的関連建造物群/2000,55.79111111,49.095
イェリング墳墓、ルーン石碑と教会/1994,55.75638889,9.42
ノヴォデーヴィチー修道院関連遺産群/2004,55.72611111,37.55508333
ニュー・ラナーク/2001,55.66333333,-3.783055556
コローメンスコエ：昇天教会（ヴォズネセーニエ教会）/1994,55.65555556,37.67388889
ロスキレの大聖堂/1995,55.64222222,12.07972222
クリスティアンスフェル：モラヴィア教会入植地/2015,55.35555556,9.481388889
クルスキー砂洲/2000,55.27458333,20.96238889
ステウンスの崖壁/2014,55.26722222,12.42333333
ジャイアンツ・コーズウェイとその海岸/1986,55.25,-6.485277778
ローマ帝国の境界線/1987,54.99261111,-2.601
ボルガルの歴史的考古学的遺産群/2014,54.97888889,49.05638889
ケルナヴェ古代遺跡（ケルナヴェ文化保護区）/2004,54.88777778,24.83055556
ダラム城と大聖堂/1986,54.77472222,-1.576111111
ビリニュスの歴史地区/1994,54.68666667,25.29305556
シュトラールズントおよびヴィスマールの歴史地区/2002,54.3025,13.08527778
ファウンテンズ修道院の廃墟のあるスタッドリー・ロイヤル公園/1986,54.11611111,-1.573055556
マルボルクのドイツ騎士修道会の城/1997,54.04166667,19.03333333
ハンザ都市リューベック/1987,53.86667,10.69167
ソルテア/2001,53.83916667,-1.788333333
ブルー・ナ・ボーニャ：ボイン渓谷の考古遺跡群/1993,53.69166667,-6.45
シュパイヒャーシュタットと、チリハウスのあるコントールハウス地区/2015,53.54555556,9.999444444
ワッデン海/2009,53.52861111,8.556111111
ミール城と関連遺産群/2000,53.45108333,26.47272222
ネスヴィシにあるラジヴィル家の建築と邸宅および文化関連遺産群/2005,53.22277778,26.69138889
バイカル湖/1996,53.17361111,107.6625
グウィネズのエドワード1世王の城郭群/1986,53.13972222,-4.276944444
ブレーメンのマルクト広場にある市庁舎とローラント像/2004,53.07597222,8.807472222
ダーウェント峡谷の工場群/2001,53.02888889,-1.488055556
トルンの中世都市/1997,53.01,18.61944444
ポントカサステ水路橋と運河/2009,52.97027778,-3.087777778
Ir.D.F.ヴァウダヘマール：D.F.ヴァウダ技師による蒸気水揚げポンプ場/1998,52.84583333,5.678888889
スホクラントと周辺の干拓地/1995,52.63861111,5.771666667
アイアンブリッジ峡谷/1986,52.62638889,-2.472777778
ベームスター干拓地（ドゥローフマーケライ・デ・ベームスター）/1999,52.54888889,4.911111111
ベルリンのムゼウムスインゼル（博物館島）/1999,52.51972222,13.39861111
ベルリンのモダニズム公共住宅/2008,52.44833333,13.45
ポツダムとベルリンの宮殿と庭園/1990,52.4,13.03333333
オランダの水利防衛線群（旧遺産名：アムステルダムの防衛線の要塞）/1996,52.37444444,4.893055556
アムステルダム中心部：ジンフェルグラハト内部の17世紀の環状運河地区/2010,52.365,4.887777778
ワルシャワの歴史地区/1980,52.26638889,21.01166667
ヒルデスハイムの聖マリア大聖堂と聖ミヒャエル聖堂/1985,52.15277778,9.943888889
スカン・グアイ/1981,52.095,-131.2202778
リートフェルト設計のシュレーダー邸/2000,52.08527778,5.147222222
アールフェルトのファーグス靴型工場/2011,51.98361111,9.811111111
ファン・ネレ工場/2014,51.92333333,4.418333333
ランメルスベルク鉱山とゴスラーの歴史地区、ハルツ山地上部の水利システム/1992,51.89,10.42055556
キンデルダイク-エルスハウトの風車群/1997,51.8825,4.649444444
アイスレーベンとヴィッテンベルクのルター記念建造物群/1996,51.86472222,12.65277778
デッサウ・ヴェルリッツの庭園王国/2000,51.8425,12.42083
ブレナム宮殿/1987,51.84194444,-1.361388889
クヴェートリンブルクの旧市街と聖堂参事会教会、城/1994,51.78333,11.15
コルヴァイの修道院に残るカロリング朝時代の西構えと修道院都市遺構/2014,51.77827778,9.41025
ブレナヴォン産業景観/2000,51.77638889,-3.088055556
スケリッグ・マイケル/1996,51.77194444,-10.53861111
レッド・ベイのバスク人捕鯨基地/2013,51.726925,-56.42952222
ランス・オー・メドー国立歴史公園/1978,51.57183333,-55.49844444
ロンドン塔/1988,51.50805556,-0.076111111
ウェストミンスター宮殿、ウェストミンスター・アビーとセント・マーガレット教会/1987,51.5,-0.125
エッセンのツォルフェライン炭鉱業遺産群/2001,51.49138889,7.046111111
キューの王立植物園/2003,51.48194444,-0.294027778
海事都市グリニッジ/1997,51.47777778,0
カナディアン・ロッキー山脈国立公園群/1984,51.42472222,-116.4797222
バースの市街/1987,51.38138889,-2.358611111
ヴィルヘルムスヘーエ丘陵公園/2013,51.31583333,9.393055556
カンタベリー大聖堂、セント・オーガスティン修道院跡とセント・マーティン教会/1988,51.28,1.083333333
プランタン＝モレトゥスの家屋・工房・博物館とその関連施設/2005,51.21833333,4.397777778
ブリュージュの歴史地区/2000,51.20891667,3.225277778
ヴロツワフの百周年記念ホール/2006,51.10694722,17.07701389
ヤヴォルとシフィドニツァの平和教会/2001,51.05427778,16.19594444
フランドル地方のベギン会の建物/1998,51.03097222,4.47375
ヴァイマール古典主義文化/1998,50.9775,11.32861111
バウハウス関連遺産群：ヴァイマールとデッサウ、ベルナウ/1996,50.97477778,11.3295
ケルンの大聖堂/1996,50.94111111,6.957222222
ブリュッセルのグラン・プラス/1998,50.84669444,4.352416667
ストックレ邸/2009,50.835,4.416111111
建築家ヴィクトール・オルタによる主な邸宅（ブリュッセル）/2000,50.82805556,4.362222222
ブリュールのアウグストゥスブルク城と別邸ファルケンルスト/1984,50.82502778,6.909777778
アーヘンの大聖堂/1978,50.77444444,6.084444444
ダイナソール州立公園/1979,50.76777778,-111.4922222
ザモシチの旧市街/1992,50.71666667,23.26666667
ドーセット及び東デヴォン海岸/2001,50.70555556,-2.989888889
トゥルネーのノートル・ダム大聖堂/2000,50.60602778,3.38925
ラ・ルヴィエールとル・ルー（エノー）の中央運河の4つの閘門とその周辺環境/1998,50.48111111,4.137222222
アルタイ・ゴールデン・マウンテン/1998,50.46666667,86
ノール＝パ・ドゥ・カレの鉱山地帯/2012,50.4625,3.546111111
キエフ：聖ソフィア聖堂と関連修道院群、キエフ・ペチェルスカヤ大修道院/1990,50.45258333,30.51686111
ワロン地方の主要な鉱山遺跡/2012,50.43527778,3.838333333
サリアルカ：北部カザフスタンの草原と湖群/2008,50.43333333,69.18888889
スピエンヌにある新石器時代の火打ち石の鉱山発掘地（モンス）/2000,50.43077778,3.978777778
ヴォーバンによる要塞建築群/2008,50.2825,2.758888889
ウヴス・ヌール盆地/2003,50.275,92.71972222
ベルギーとフランスの鐘楼群/1999,50.17444444,3.231388889
ライン渓谷中流上部/2002,50.17361111,7.694166667
コーンウォールと西デヴォンの鉱山景観/2006,50.13611111,-5.383611111
プラハの歴史地区/1992,50.08972222,14.41944444
クラクフの歴史地区/1978,50.06666667,19.95972222
ヴィエリチカとボフニャの王立岩塩坑/1978,49.97916667,20.06388889
クトナー・ホラ歴史地区の聖バルボラ教会とセドレツ地区の聖母マリア大聖堂/1995,49.95,15.26666667
バイロイトの辺境伯オペラハウス/2012,49.94444444,11.57861111
メッセルの化石採掘地区/1995,49.91666667,8.753888889
アミアンの大聖堂/1981,49.895,2.301666667
バンベルクの旧市街/1993,49.89166667,10.88888889
リトミシュル城/1999,49.87361111,16.31444444
カルヴァリア・ゼブジドフスカ：マニエリスム様式の建築と公園に関連する景観と巡礼公園/1999,49.86666667,19.66666667
リヴィウ歴史地区/1998,49.84166667,24.03194444
ヴュルツブルクの司教館と庭園群/1981,49.79277778,9.938888889
トリーアのローマ遺跡、聖ペトロ大聖堂と聖母聖堂/1986,49.75194444,6.626333333
マウォポルスカ南部の木造教会群/2003,49.75,21.23333333
バッファロー狩りの断崖/1981,49.74944444,-113.6238889
ロルシュの修道院遺跡/1991,49.65369,8.56858
グロス・モーン国立公園/1987,49.6125,-57.53138889
ルクセンブルク市の旧市街と要塞/1994,49.61,6.133333333
オロモウツの聖三位一体記念柱/2000,49.59861111,17.26944444
ゼレナー・ホラにあるネポムークの聖ヨハネ巡礼教会/1994,49.56666667,15.95
カルパティア地方のポーランドとウクライナ領にある木造教会群/2013,49.53388889,21.03222222
ル・アーヴル：オーギュスト・ペレにより再建された街/2005,49.48905556,0.115222222
カルパティア山脈のスロバキア側の木造教会群/2008,49.33611111,19.55833333
モンゴルのアルタイ山脈にある岩面画群/2011,49.33388889,88.39527778
シュパイアの大聖堂/1981,49.31666667,8.443055556
クロムニェジーシュの庭園と宮殿/1998,49.3,17.37722222
バルジェヨウ街並保存地区/2000,49.29333333,21.27916667
ランスのノートル・ダム大聖堂、サン・レミ旧修道院、トー宮/1991,49.25333333,4.032777778
フェルクリンゲンの製鉄所/1994,49.24444444,6.85
トジェビーチのユダヤ人街とプロコピウス聖堂/2003,49.21722222,15.87888889
ブルノのトゥーゲントハート邸/2001,49.2,16.61666667
テルチの歴史地区/1992,49.18333333,15.45
カルパティア山脈と他のヨーロッパ地域のブナ原生林/2007,49.08611111,22.53611111
シャンパーニュの丘陵、醸造所と貯蔵庫/2015,49.0775,3.946111111
ヴルコリニェツの伝統的集落/1993,49.03333333,19.28333333
レーゲンスブルク旧市街とシュタットアムホーフ/2006,49.02027778,12.09722222
マウルブロンの修道院関連建造物群/1993,49.00083,8.81306
レヴォチャ、スピシュ城と関連する文化的建造物群/1993,49,20.83333333
ウォータートン・グレーシャー国際平和自然公園/1995,48.99605556,-113.9041667
ホラショヴィツェの歴史的集落/1998,48.95972222,14.25277778
パリのセーヌ河岸/1991,48.85833333,2.294166667
チェスキー・クルムロフの歴史地区/1992,48.81666667,14.31666667
ヴェルサイユ宮殿と庭園/1979,48.805,2.119444444
レドニツェ－ヴァルチツェの文化的景観/1996,48.77583333,16.775
グレート・ブルカン・カルドゥン山と周辺の聖なる景観/2015,48.76197778,109.0093278
ナンシーのスタニスラス広場、カリエール広場、アリアンス広場/1983,48.69361111,6.183333333
ストラスブール：グラン・ディルからヌースタットのヨーロッパの都市景観/1988,48.58138889,7.75
中世市場都市プロヴァン/2001,48.55972222,3.298888889
アグテレク・カルストとスロバキア・カルストの洞窟群/1995,48.47573,20.48687
シャルトルの大聖堂/1979,48.4475,1.487222222
フォンテーヌブロー宮殿と庭園/1981,48.40194444,2.698055556
ヴァッハウ渓谷の文化的景観/2000,48.36444444,15.43416667
ブコビナとダルマチアの府主教の邸宅/2011,48.29666667,25.92472222
ウィーンの歴史地区/2001,48.21666667,16.38333333
シェーンブルン宮殿と庭園/1996,48.18666667,16.31333333
トカイ地方のワイン産地の歴史的文化的景観/2002,48.15,21.35
ミグアシャ国立公園/1999,48.105,-66.35305556
ホローケーの伝統的集落/1987,47.99444444,19.52916667
マラムレシュの木造教会群/1999,47.82083333,24.05583333
ザルツブルクの歴史地区/1996,47.80055556,13.04333333
オリンピック国立公園/1981,47.74833333,-123.4488889
モルドヴァ地方の教会群/1993,47.73333333,25.93333333
修道院の島ライヒェナウ/2000,47.69872222,9.061305556
ヴィースの巡礼教会/1983,47.68127778,10.90013889
ゼメリング鉄道/1998,47.64877778,15.82797222
フォントネーのシトー会修道院/1981,47.63944444,4.389111111
ホルトバージ国立公園：プスタ（大平原）/1999,47.59444444,21.15666667
ハルシュタット＝ダッハシュタイン/ザルツカンマーグートの文化的景観/1997,47.55944444,13.64638889
パンノンハルマの千年の歴史をもつベネディクト会修道院と周辺の自然環境/1996,47.55888889,17.78444444
オルホン渓谷の文化的景観/2004,47.55666667,102.8313889
ブダペスト：ドナウ河岸とブダ城地区、アンドラーシ通り/1987,47.48242,19.07067
ヴェズレーの教会と丘/1979,47.46638889,3.748333333
ザンクト・ガレンの修道院/1983,47.42333333,9.377777778
ロワール渓谷：シュリー・シュル・ロワールからシャロンヌまで/2000,47.39888889,0.702777778
アルプス山脈周辺の先史時代の掘立柱住居群/2011,47.27833333,8.2075
ブールジュの大聖堂/1992,47.08222222,2.398333333
グラーツ：歴史地区とエッゲンベルク城/1999,47.07305556,15.43861111
ブルゴーニュのブドウ栽培の景観/2015,47.05805556,4.864444444
サラン・レ・バン大製塩所からアルケ・スナン王立製塩所までの天日塩生産所/1982,47.03305556,5.781111111
ベルンの旧市街/1983,46.94805556,7.450277778
スイスのサルドナ上層地殻変動地帯/2008,46.91666667,9.25
ケベック旧市街の歴史地区/1985,46.80944444,-71.21055556
ミュスタイアにあるベネディクト会の聖ヨハネ修道院/1983,46.62944444,10.44763889
ドロミテ山塊/2009,46.61305556,12.16305556
サン・サヴァン・シュール・ガルタンプの修道院教会/1983,46.56472222,0.866111111
ユングフラウ－アレッチュのスイス・アルプス/2001,46.5,8.033333333
ラヴォー地域のブドウ畑/2007,46.49194444,6.746111111
シギショアラの歴史地区/1999,46.21777778,24.79222222
ベリンツォーナ旧市街にある三つの城、城壁と要塞群/2000,46.19313889,9.022416667
要塞教会のあるトランシルヴァニアの村落/1993,46.13583333,24.77305556
イタリアのロンゴバルド族：権勢の足跡（568－774年）/2011,46.09416667,13.43305556
ペーチ（ソピアナエ）の初期キリスト教墓所/2000,46.07444444,18.22777778
ピエモンテとロンバルディアのサクロ・モンテ群/2003,45.97455556,9.169555556
ヴァルカモニカ（カモニカ渓谷の岩絵群）/1979,45.95705556,10.29733333
サン・ジョルジオ山/2003,45.91666667,8.95
アクィレイアの考古地区とバシリカ総主教聖堂/1998,45.76833333,13.3675
リヨンの歴史地区/1998,45.76722222,4.833333333
ジョギンズの化石断崖群/2008,45.70972222,-64.43583333
シュコツィアンの洞窟群/1986,45.66667,14
オラシュティエ山脈のダキア人要塞/1999,45.62305556,23.31194444
クレスピ・ダッダの企業都市/1995,45.59333333,9.538333333
ヴィチェンツァの市街とヴェネト地方のパッラーディオ様式の別荘群/1994,45.54916667,11.54944444
ミラノのサンタ・マリア・デッレ・グラーツィエ修道院とレオナルド・ダ・ヴィンチの『最後の晩餐』/1980,45.46588889,9.1705
ヴェローナの市街/2000,45.43861111,10.99388889
ヴェネツィアとその潟/1987,45.43430556,12.33894444
パドヴァの植物園（オルト・ボタニコ）/1997,45.39911111,11.88066667
シホテ・アリニ山脈中央部/2001,45.33333333,136.1666667
ポレチュ歴史地区にあるエウフラシウス聖堂の司教関連建造物群/1997,45.22916667,13.59444444
フランスのサンティアゴ・デ・コンポステーラの巡礼路/1998,45.18405556,0.722944444
ホレズの修道院/1993,45.18333333,24.01666667
マントヴァとサッビオネータ/2008,45.15944444,10.79444444
グラン・プレの景観/2012,45.11833333,-64.30722222
ドナウ・デルタ/1991,45.08333333,29.5
トリノのサヴォイア家の王宮と邸宅/1997,45.07252778,7.685722222
バルーミニのスー・ヌラージ/1997,45.07252778,7.685722222
ヴェゼール渓谷の装飾洞窟と先史遺跡/1979,45.0575,1.17
リドー運河/2007,44.99438611,-75.765125
サン・テミリオン地域/1999,44.89472222,0.155277778
プリトヴィツェ湖群国立公園/1979,44.87777778,15.61444444
ボルドー、月の港/2007,44.83888889,0.572222222
ルネサンス都市フェッラーラとポー川のデルタ地帯/1995,44.83777778,11.61944444
モデナ：大聖堂と市民の塔（トッレ・チヴィカ）、グランデ広場/1997,44.64625,10.92566667
タウリカ半島の古代都市とチョーラ/2013,44.61083333,33.49138889
ピエモンテのブドウ園の景観：ランゲ・ロエロとモンフェッラート/2014,44.60861111,7.963611111
イエローストーン国立公園/1978,44.46055556,-110.8277778
ラヴェンナの初期キリスト教建造物群/1996,44.42041667,12.19625
ジェノヴァ：レ・ストラーデ・ヌオーヴェとパラッツィ・デイ・ロッリ制度/2006,44.41222222,8.931111111
アルデシュ県ポン・ダルクの装飾洞窟：ショーヴェ・ポン・ダルク洞窟/2014,44.3875,4.416111111
ルーネンバーグの旧市街/1995,44.37611111,-64.30916667
コースとセヴェンヌ：地中海性農業牧草地の文化的景観/2011,44.22027778,3.473055556
オランジュの凱旋門、ローマ劇場とその周辺/1981,44.13572222,4.808416667
スレバルナ自然保護区/1983,44.11444444,27.07805556
ポルトヴェーネレ、チンクエ・テッレと小島群（パルマリア島、ティーノ島、ティネット島）/1997,44.10694444,9.729166667
西カフカス山脈/1999,44,40
アヴィニョンの歴史地区：教皇庁宮殿、司教の建造物群、アヴィニョンの橋/1995,43.95277778,4.806111111
ポン・デュ・ガール（ローマの水道橋）/1985,43.94722222,4.535277778
サン・マリノの歴史地区とティタノ山/2008,43.93277778,12.45194444
司教座都市アルビ/2010,43.92833333,2.1425
ガレリウス帝の宮殿、ガムジグラード－ロムリアーナ/2007,43.89930556,22.18611111
トスカーナのメディチ家の別荘と庭園/2013,43.85777778,11.30416667
タムガリの考古的景観にある岩絵群/2004,43.80333333,75.535
ヴィシェグラードのメフメド・パシャ・ソコロヴィッチ橋/2007,43.78144444,19.288025
フィレンツェの歴史地区/1982,43.77305556,11.25611111
シベニクの聖ヤコブ大聖堂/2000,43.73629,15.88333333
ウルビーノの歴史地区/1998,43.725,12.63333333
イワノヴォの岩窟教会群/1979,43.71666667,25.96666667
アルルのローマ遺跡とロマネスク建築/1981,43.67763889,4.630694444
スヴェシュタリのトラキア人の古墳/1985,43.66666667,26.66666667
ミディ運河/1996,43.61138889,1.416388889
歴史都市トロギール/1997,43.5125,16.25166667
スプリトのディオクレティアヌス帝の宮殿と歴史的建造物群/1979,43.50944444,16.44333333
ストゥデニツァ修道院/1986,43.48611111,20.53666667
サン・ジミニャーノの歴史地区/1990,43.46805556,11.04166667
ヘラクレスの塔/2009,43.38583333,-8.406388889
アルタミラ洞窟とスペイン北部の旧石器時代洞窟壁画/1985,43.38252778,-4.116166667
アストゥリアス王国とオビエドの宗教建築物群/1985,43.3625,-5.843055556
モスタル旧市街の石橋と周辺/2005,43.34811111,17.81091667
ビスカヤ橋/2006,43.323175,-3.016833333
シエナの歴史地区/1995,43.31861111,11.33166667
マダラの騎馬像/1979,43.3,27.15
ホージャ・アフマド・ヤサヴィー廟/2003,43.29305556,68.27444444
カルカッソンヌの歴史的城塞都市/1997,43.21055556,2.358888889
フヴァル島のスターリ・グラード平地/2008,43.18166667,16.63861111
ドゥルミトル国立公園/1980,43.13333333,19.01666667
スタリ・ラスの遺跡とソポチャニの修道院/1979,43.11888889,20.42277778
ピエンツァの歴史地区/1996,43.07694444,11.67861111
オルチア渓谷/2004,43.06666667,11.55
アッシジのサン・フランチェスコ聖堂と関連建造物群/2000,43.06616667,12.62244444
ルーゴのローマの城壁群/2000,43.01111111,-7.553333333
上スヴァネチア/1996,42.91638889,43.01138889
サンティアゴ・デ・コンポステーラ（旧市街）/1985,42.88076,-8.533333333
ピレネー山脈のペルデュ山/1997,42.68542,0.0005
コソボの中世建造物群/2004,42.66111111,20.26555556
ネセビルの古代都市/1983,42.65611111,27.73
ドゥブロヴニクの旧市街/1979,42.65055556,18.09138889
ボヤナの教会/1979,42.65,23.26666667
カザンラクのトラキア人の古墳/1979,42.61666667,25.4
ボイ渓谷のカタルーニャ風ロマネスク様式教会群/2000,42.50472222,0.803611111
マドリウ・パラフィタ・クラロー渓谷/2004,42.49472222,1.595555556
コトルの文化歴史地域と自然/1979,42.48333333,18.7
ラス・メドゥラス/1997,42.46938889,-6.77075
サンティアゴ・デ・コンポステーラの巡礼路：カミノ・フランセスとスペイン北部の道/1993,42.45916667,-5.883333333
クフナ ‐ ウルゲンチ/2005,42.38833333,59.27055556
アタプエルカの考古遺跡群/2000,42.37138889,-3.547222222
元の上都遺跡/2012,42.358,116.1851278
ブルゴスの大聖堂/1984,42.34019444,-3.704
サン・ミリャン・ユソとスソの修道院群/1997,42.32583333,-2.865
ポルト湾：ピアナのカランケ、ジロラッタ湾、スカンドラ保護区/1983,42.32519444,8.628833333
ゲラティ修道院/1994,42.26222222,42.71638889
リラの修道院/1983,42.11666667,23.4
デルベントのシタデル、古代都市、要塞建築物群/2003,42.05297222,48.29719444
チェルヴェテリとタルクィニアのエトルリア古代古墳群/2004,42.00683333,12.10188889
新疆天山/2013,41.96833333,80.35416667
ティヴォリのエステ家別荘/2001,41.96391667,12.79625
ティヴォリのハドリアヌス別荘/1999,41.94416667,12.77197222
ヴァティカン市国/1984,41.90216667,12.45736111
ローマの歴史地区と教皇領、サン・パオロ・フォーリ・レ・ムーラ聖堂/1980,41.89022222,12.49230556
ムツヘタの歴史的建造物群/1994,41.84388889,44.71638889
北京と瀋陽の故宮/1987,41.79416667,123.4469444
明・清時代の皇帝陵墓/2000,41.70722222,124.7938889
エディルネのセリミエ・モスクとその関連施設/2011,41.67777778,26.55944444
ピリン国立公園/1983,41.66666667,23.5
ギマランイスの歴史地区/2001,41.44083333,-8.294722222
バルセロナのカタルーニャ音楽堂とサン・パウ病院/1997,41.38777778,2.175
ポブレの修道院/1991,41.38083333,1.0825
ヒヴァのイチャン・カラ/1990,41.37833333,60.36388889
レッドウッド国立・州立公園群/1980,41.37388889,-123.9980556
サフランボルの旧市街/1994,41.26,32.68972222
古代高句麗王国の都城と古墳群/2004,41.15694444,126.1872222
ポルトの歴史地区、ルイス1世橋とセラ・ド・ピラール修道院/1996,41.14166667,-8.616666667
オフリド地方の自然及び文化遺産/1979,41.11805556,20.81333333
タラゴナの考古遺跡群/2000,41.11472222,1.259305556
アルト・ドウロのワイン生産地域/2001,41.10166667,-7.798888889
アフパットとサナインの修道院/1996,41.095,44.71027778
カステル・デル・モンテ/1996,41.08480556,16.27094444
カゼルタの18世紀の王宮と庭園、ヴァンヴィテッリの水道橋、サン・レウチョの関連遺産/1997,41.07333,14.32639
コア渓谷とシエガ・ベルデの先史時代の岩絵群/1998,41.03333333,-7.116666667
イスタンブルの歴史地区/1985,41.00847222,28.97991667
承徳の避暑山荘と外八廟/1994,40.98694444,117.9383333
サラマンカの旧市街/1988,40.96525,-5.6645
セゴビアの旧市街とローマ水道橋/1985,40.94847222,-4.11675
ナポリの歴史地区/1995,40.85138889,14.26277778
アルベロベッロのトゥルッリ/1996,40.7825,17.23694444
ポンペイ、エルコラーノ、トッレ・アヌンツィアータの考古地区/1997,40.75,14.48333333
自由の女神像/1984,40.68944444,-74.04472222
マテーラの洞窟住居サッシと岩窟教会公園/1993,40.66638889,16.61027778
アビラの旧市街と城壁外の教会群/1985,40.65638889,-4.7
アマルフィ海岸/1997,40.65,14.6
テサロニキの初期キリスト教とビザンツ様式の建造物群/1988,40.63833333,22.965
マドリードのエル・エスコリアール修道院と王立施設/1984,40.58175,-4.126416667
聖山スレイマン・トー/2009,40.53111111,72.78277778
アルカラ・デ・エナレスの大学と歴史地区/1998,40.48138889,-3.368055556
エゲ（現代名ヴェルギナ）の考古遺跡/1996,40.47139,22.31833
シルヴァンシャー宮殿と乙女の塔のある城壁都市バクー/2000,40.36666667,49.83333333
アラゴンのムデハル様式建築/1986,40.34388889,-1.107222222
チレント・ディアノ渓谷国立公園及び遺跡群と修道院/1998,40.28333333,15.26666667
聖山アトス/1988,40.26666667,24.21666667
コインブラ大学：アルタとソフィア/2013,40.20781111,-8.425775
ブルサとジュマルクズク：オスマン帝国発祥の地/2014,40.18473056,29.06233611
エチミアジンの大聖堂と教会群、およびズヴァルトノツの考古遺跡/2000,40.15916667,44.295
ゲガルト修道院とアザート渓谷上流域/2000,40.15888889,44.79666667
敦煌の莫高窟/1987,40.13333333,94.81666667
ゴブスタン・ロック・アートの文化的景観/2007,40.125,49.375
雲岡石窟/2001,40.10972222,113.1222222
要塞都市クエンカ/1996,40.07661111,-2.13175
ベラトとギロカストラの歴史地区/2005,40.06944444,20.13333333
アランフエスの文化的景観/2001,40.03638889,-3.609166667
ヒッタイトの首都ハットゥシャ/1986,40.01388889,34.62055556
頤和園：北京の夏の離宮と皇帝庭園/1998,39.9975,116.2688889
トロイアの考古遺跡/1998,39.95644444,26.239
独立記念館/1979,39.94861111,-75.15
歴史都市トレド/1986,39.86688889,-4.029416667
天壇：北京の皇帝祭壇/1998,39.84555556,116.4447222
イベリア半島の地中海沿岸の岩絵群/1998,39.79,-1.033333333
ブハラの歴史地区/1993,39.77472222,64.42861111
ブトリントの考古遺跡/1992,39.75111111,20.02611111
北京原人化石出土の周口店遺跡/1987,39.73333333,115.9166667
トラムンタナ山脈の文化的景観/2011,39.73083333,2.694722222
メテオラの修道院群/1988,39.71666667,21.63333333
文化交差路サマルカンド/2001,39.66861111,67
バターリャ修道院/1983,39.65777778,-8.826944444
コルフの旧市街/2007,39.62394139,19.9275
トマールのキリスト騎士団の修道院/1983,39.60472222,-8.4175
アルコバサの修道院/1989,39.55,-8.976666667
サラズム：原始都市遺跡/2010,39.50777778,67.46027778
カセレスの旧市街/1986,39.47444444,-6.37
バレンシアのラ・ロンハ・デ・ラ・セダ/1996,39.47441667,-0.378444444
サンタ・マリア・デ・グアダルーペ王立修道院/1993,39.45286111,-5.3275
ディヴリーイの大モスクと病院/1985,39.37361111,38.12361111
ペルガモンとその周辺：様々な時代からなる文化的景観/2014,39.12583333,27.18
シャフリサブズの歴史地区/2000,39.05,66.83333333
五台山/2009,39.03055556,113.5633333
イランのアルメニア教会修道院群/2008,38.97888889,45.47333333
メリダの考古遺跡群/1993,38.91611111,-6.337777778
イビサ島の生物多様性と文化/1999,38.91113889,1.435194444
国境防衛都市エルヴァスとその要塞群/2012,38.88061944,-7.163322222
高句麗古墳群/2004,38.86305556,125.415
シントラの文化的景観/1995,38.78333333,-9.416666667
アルマデンとイドリア－水銀鉱山の遺跡/2012,38.77527778,-4.838888889
タジキスタン国立公園（パミールの山脈）/2013,38.765,72.30527778
リスボンのジェロニモス修道院とベレンの塔/1983,38.69777778,-9.206666667
カホキア・マウンド州立史跡/1982,38.65861111,-90.06138889
アゾレス諸島の港町アングラ・ド・エロイズモ/1983,38.655,-27.22
エヴォラの歴史地区/1986,38.57305556,-7.907777778
ピーコ島のブドウ栽培の景観/2004,38.51344444,-28.54116667
エオーリエ諸島/2000,38.48786111,14.94558333
デルフィの考古遺跡/1987,38.4815,22.49616667
ダフニ、オシオス・ルカス、ヒオスのネア・モニの修道院群/1990,38.4,22.75
エルチェの椰子園/2000,38.26666667,-0.716666667
アルダビールのシャイフ・サフィ・アッディーン廟と関連建造物群/2010,38.24861111,48.29138889
タブリーズの歴史的バザール群/2010,38.08138889,46.29305556
ネムルト・ダーの巨大墳墓/1987,38.03661111,38.76369444
シャーロットヴィルのモンティチェロとヴァージニア大学/1987,38.03277778,-78.50388889
ウベダとバエーサのルネサンス様式の記念碑的建造物群/2003,38.01130556,-3.371222222
ニサのパルティア王国の要塞/2007,37.99972222,58.19861111
開城歴史遺跡地区/2013,37.98166667,126.5080556
エフェソス/2015,37.92916667,27.35944444
ヒエラポリスとパムッカレ/1988,37.92388889,29.12333333
ディヤルバクル要塞とヘヴセル庭園群の文化的景観/2015,37.9031,40.23930833
コルドバの歴史地区/1984,37.87919444,-4.779722222
エトナ山/2013,37.75611111,14.99666667
ヨセミテ国立公園/1984,37.74611111,-119.5966667
ミケーネとティリンスの考古遺跡/1999,37.73333333,22.75
国立歴史文化公園“メルヴ”/1999,37.70083333,62.1775
サモス島のピタゴリオンとヘラ神殿/1992,37.69083333,26.94333333
エピダウロスにあるアスクレピオスの聖域/1988,37.66666667,23.11666667
チャタルヒュユクの新石器時代の遺跡/2012,37.66666667,32.82805556
オリンピアの考古遺跡/1989,37.65,21.66666667
昌徳宮/1997,37.55,126.9833333
宗廟/1995,37.55,126.9833333
南漢山城（ナムハンサンソン）/2014,37.47888889,127.1811111
ヴァッセのアポロン・エピクリオス神殿/1986,37.43497222,21.89694444
デロス島/1990,37.4,25.26666667
セビーリャの大聖堂、アルカサル、インディアス古文書館/1987,37.38383333,-5.991555556
ヴィッラ・ロマーナ・デル・カサーレ（古代ローマの別荘群）/1997,37.36611111,14.33416667
パトモス島にある歴史地区（ホラ）：神学者聖ヨハネの修道院と黙示録の洞窟/1999,37.3,26.55
アグリジェントの考古地区/1997,37.28972222,13.59333333
水原の華城/1997,37.27222222,127.0083333
メサ・ヴェルデ国立公園/1978,37.26166667,-108.4855556
ゴンバデ・カーブース/2012,37.25802778,55.169
平遥の古代都市/1997,37.20138889,112.1544444
朝鮮王朝の王墓群/2009,37.19722222,128.4527778
マンモス・ケーブ国立公園/1981,37.18722222,-86.10305556
グラナダのアルハンブラ宮殿、ヘネラリーフェ離宮、アルバイシン地区/1984,37.17666667,-3.594444444
イシュケル国立公園/1980,37.16666667,9.666666667
ミストラの考古遺跡/1989,37.08056,22.36667
シラクサとパンタリカの岩壁墓地遺跡/2005,37.05944444,15.29305556
ドニャーナ国立公園/1994,36.9477,-6.358861111
ヴァル・ディ・ノートの後期バロック様式の都市景観群（シチリア島南東部）/2002,36.89319444,15.06891667
チュニスの旧市街/1979,36.81666667,10.16666667
アルジェの旧市街カスバ/1992,36.78333333,3.060277778
タフテ・ソレイマーン/2003,36.60388889,47.235
ティパサの考古遺跡/1982,36.55,2.383333333
河回村と良洞村の歴史的集落群/2010,36.53916667,128.5166667
百済の歴史地区/2015,36.46194444,127.1272222
ロドス島の中世都市/1988,36.44722222,28.22777778
タオス・プエブロの伝統的集落/1992,36.43889,-105.5333333
ソルターニーイェ/2005,36.43527778,48.79666667
クサントスとレトーン/1988,36.35616667,29.31858333
シリア北部の古代集落群/2011,36.33416667,36.84416667
泰山/1987,36.26666667,117.1
アレッポの旧市街/1986,36.19944444,37.1625
エルビル城砦/2014,36.19111111,44.00916667
殷墟/2006,36.12666667,114.3138889
チャコ文化/1987,36.06377778,-107.9708333
マルタの巨石神殿群/1980,36.04908333,14.26947222
バレッタの市街/1980,35.90055556,14.51444444
ハル・サフリエニの地下墳墓/1980,35.87133333,14.50738889
スースの旧市街/1988,35.82777778,10.63861111
『八萬大蔵経』版木所蔵の海印寺/1995,35.8,128.1
慶州の歴史地区/2000,35.78888889,129.2266667
石窟庵と仏国寺/1995,35.78333333,129.35
ゴレスタン宮殿/2013,35.68036667,51.42051111
曲阜の孔廟、孔林、孔府/1994,35.61166667,116.975
グレート・スモーキー山脈国立公園/1983,35.59305556,-83.43555556
円形都市ハトラ/1985,35.58805556,42.71833333
アッシュル（カラット・シェルカット）/2003,35.45888889,43.25972222
エル・ジェムの円形闘技場/1979,35.29638889,10.70694444
高敞、和順、江華の支石墓跡/2000,34.96667,126.9166667
トロオドス地方の壁画教会群/1985,34.92027778,33.09583333
バーミヤン渓谷の文化的景観と古代遺跡群/2003,34.84694,67.82525
ヒロキティアの考古遺跡/1998,34.79833333,33.34333333
クラック・デ・シュヴァリエとカラット・サラーフ・アッディーン/2006,34.78166667,36.26305556
パフォスの考古遺跡/1980,34.75833333,32.40555556
京杭大運河/2014,34.69388889,112.4683333
古代都市パルミラ/1980,34.55416667,38.26666667
龍門石窟/2000,34.46666667,112.4666667
登封の歴史的建造物群－天地之中/2010,34.45874722,113.0677194
ジャームのミナレットと考古遺跡群/2002,34.39655556,64.51605556
ビーソトゥーン/2006,34.38833333,47.43666667
始皇帝陵と兵馬俑坑/1987,34.38333333,109.1
古代都市サーマッラー/2007,34.34098944,43.82354306
シルク・ロード：長安から天山回廊の交易網/2014,34.30444444,108.8572222
カディーシャ渓谷（聖なる谷）と神の杉の森（ホルシュ・アルツ・エルラブ）/1998,34.24333333,36.04888889
フェニキア都市ビブロス/1984,34.11916667,35.6475
ヴォルビリスの考古遺跡/1997,34.07389,-5.55694
バアルベック/1984,34.00706667,36.20493889
アンジャル/1984,33.72583333,35.92972222
ダマスカスの旧市街/1979,33.51138889,36.30638889
済州火山島と溶岩洞窟群/2007,33.46888889,126.7202778
フェニキア都市ティルス/1984,33.27194444,35.19444444
九寨溝：歴史的・景観的重要地区/1992,33.08333333,103.9166667
アッコの旧市街/2001,32.92833333,35.08388889
ハイファと西ガリラヤのバハイ教聖所群/2008,32.82939667,34.97164889
キレーネの考古遺跡/1982,32.825,21.85833333
サブラータの考古遺跡/1982,32.80527778,12.485
マデイラ島の照葉樹林/1999,32.76666667,-17
黄龍：歴史的・景観的重要地区/1992,32.75416667,103.8222222
ベート・シェアリムのネクロポリス：ユダヤ人再興の中心地/2015,32.70222222,35.12694444
イスファハーンのマスジェデ・ジャーメ（金曜モスク）/2012,32.66972222,51.68527778
ポヴァティ・ポイントの記念碑的土塁群/2014,32.63694444,-91.40638889
聖書ゆかりの遺丘群：メギド、ハゾル、ベエル・シェバ/2005,32.59722222,35.18222222
隊商都市ボスラ/1980,32.51805556,36.48166667
武当山の道教寺院群/1994,32.46666667,111
バミューダ諸島：歴史的都市セント・ジョージと関連要塞群/2000,32.37944444,-64.67777778
スーサ/2015,32.18944444,48.25611111
カールズバッド洞窟群国立公園/1995,32.16666667,-104.3833333
テル・アビーブの近代都市ホワイト・シティ/2003,32.06666667,34.78333333
シューシュタルの歴史的水利システム/2009,32.01861111,48.83583333
古代都市チョガー・ザンビール/1979,32.01666667,48.53333333
エル・ピナカーテとグラン・デシエルト・デ・アルタル生物圏保存地域/2013,32,-113.9166667
イエス洗礼の地「ヨルダン川対岸のベタニア」（アル・マグタス)/2015,31.83722222,35.55277778
グレート・ヒマラヤ国立公園保護地区/2014,31.83333333,77.58333333
砂漠の城クセイル・アムラ/1985,31.80194444,36.58583333
エルサレムの旧市街とその城壁群/1981,31.78333333,35.21666667
オリーヴとワインの土地－バッティールの丘：南エルサレムの文化的景観/2014,31.71972222,35.13055556
イエス生誕の地：ベツレヘムの聖誕教会と巡礼路/2012,31.70435278,35.2075
ユダヤ低地にあるマレシャとベト・グヴリンの洞窟群：洞窟の大地の小宇宙/2014,31.6,34.89555556
ラホール城とシャーラマール庭園/1991,31.59027778,74.30972222
エッサウィーラ（旧名モガドール）の旧市街/2001,31.51666667,-9.769444444
ウンム・アッラサス（カストロム・メファア）/2004,31.50167,35.92056
蘇州の園林/1997,31.32672222,120.6256389
マサダ国立公園/2001,31.3135,35.35275
青城山と都江堰水利施設/2000,31.00167,103.60528
四川省のジャイアントパンダ保護区群/2006,30.83333333,103
ナンダ・デヴィ国立公園と花の谷国立公園/1988,30.71667,79.66667
シャフリ・ソフタ/2014,30.59388889,61.32777778
パキメの遺跡/1998,30.37583333,-107.9555556
隊商都市ペトラ/1985,30.33055556,35.44333333
杭州にある西湖の文化的景観/2011,30.2375,120.1408333
パサルガダエ/2004,30.19383333,53.16730556
メイマンドの文化的景観/2015,30.16805556,55.37555556
ペルシア庭園/2011,30.16666667,53.16666667
黄山/1990,30.16666667,118.1833333
ガダーミスの旧市街/1986,30.13333333,9.5
カイロの歴史地区/1979,30.05,31.26111
ペルセポリス/1979,29.93444444,52.89027778
安徽省南部の古村落－西逓・宏村/2000,29.90444444,117.9875
大足石刻/1999,29.70111111,105.705
ワディ・ラム保護地域/2011,29.63972222,35.43388889
峨眉山と楽山大仏/1996,29.5449,103.76925
廬山国立公園/1996,29.43333333,115.8666667
武陵源：歴史的・景観的重要地区/1992,29.33333333,110.5
バムとその文化的景観/2004,29.11683333,58.36847222
土司の遺跡群/2015,28.99861111,109.9669444
三清山国立公園/2008,28.91583333,118.0644444
レッド・フォート建造物群/2007,28.65555556,77.24083333
デリーのフマユーン廟/1993,28.59333333,77.25055556
デリーのクトゥブ・ミナールとその関連施設/1993,28.52583333,77.18527778
サン・クリストバル・デ・ラ・ラグナ/1999,28.47788889,-16.31177778
中国の丹霞地形/2010,28.42194444,106.0425
テイデ国立公園/2007,28.27138889,-16.64361111
ガラホナイ国立公園/1986,28.12625,-17.23722222
サウジアラビアのハーイル地方にある壁画/2015,28.01055556,40.91305556
雲南保護地域の三江併流群/2003,27.895,98.40638889
エル・ビスカイノ鯨保護区/1993,27.79222222,-114.2277778
武夷山/1999,27.71667,117.6666667
カトマンズの谷/1979,27.70388889,85.30833333
サンフランシスコ山地の洞窟壁画/1993,27.65555556,-112.9161111
カリフォルニア湾の島々と自然保護区群/2005,27.62667,-112.5333333
チトワン国立公園/1984,27.5,84.33333333
仏陀の生誕地ルンビニー/1997,27.46888889,83.27611111
アーグラ城/1983,27.18333333,78.03333333
タージ・マハル/1983,27.17417,78.04222
ケオラデオ国立公園/1985,27.15888889,77.50861111
ファテープル・シークリー/1986,27.09444444,77.66416667
ジャイプールのジャンタル・マンタル－マハラジャの天文台/2010,26.92472222,75.825
麗江の旧市街/1997,26.86666667,100.2333333
アル・ヒジルの考古遺跡（マダイン・サレハ）/2008,26.78361111,37.955
マナス野生動物保護区/1985,26.725,91.03055556
カジランガ国立公園/1985,26.66666667,93.41666667
ペルシャ湾の真珠産業関連遺産：島嶼経済の証拠/2012,26.24128,50.61351
カルアトル・バーレーン：古代の港とディルムンの都/2005,26.23305556,50.52222222
アル・ズバラ考古学的地区/2013,25.97805556,51.02972222
エヴァーグレーズ国立公園/1979,25.55444444,-80.99638889
タッシリ・ナジェール/1982,25.5,9
パパハナウモクアケア/2010,25.34907,-170.14582
中国南部のカルスト地帯/2007,25.22083333,107.975
パハルプールの仏教遺跡/1985,25.03333333,88.98333333
福建土楼群/2008,25.02305556,117.6858333
ラジャスタンの丘陵城塞群/2013,24.88333333,74.64611111
カジュラーホの寺院群/1986,24.8525,79.92083333
タドラールト・アカークスの岩絵遺跡群/1985,24.83333333,10.33333333
タッタとマクリの歴史的建造物群/1981,24.76666667,67.9
ディライーヤのツライフ地区/2010,24.73413333,46.57246667
ブッダガヤの大菩提寺/2002,24.69527778,84.99388889
澄江の化石出土地域/2012,24.66888889,102.9772222
アル・アインの文化的遺跡群（ハフィート、ヒリ、ビダ・ビント・サウードとオアシス群）/2011,24.06777778,55.80638889
ラニ・キ・ヴァヴ：グジャラト州パタンにある王妃の階段井戸/2014,23.85888889,72.10166667
サーンチーの仏教遺跡/1989,23.47944444,77.73972222
バット、アル・フトゥム、アル・アインの考古遺跡/1988,23.26986111,56.745
ハバナの旧市街と要塞群/1982,23.13333333,-82.35
紅河ハニ族棚田群の文化的景観/2013,23.09327778,102.7799806
アフラージュ－オマーンの灌漑システム/2006,22.99888889,57.53605556
バフラの砦/1987,22.96416667,57.30111111
ビンベットカのロック・シェルター群/2003,22.92777778,77.58333333
サカテカスの歴史地区/1993,22.76666667,-102.5555556
バゲルハット：モスクを中心とした歴史都市/1985,22.66666667,89.8
ビニャーレス渓谷/1999,22.61666667,-83.71666667
カミノ・レアル・デ・ティエラ・アデントロ－メキシコ内陸部の王の道/2010,22.60805556,-102.3791667
チャンパネール ‐ パーヴァガドゥ遺跡公園/2004,22.48333333,73.53333333
ピュー族の古代都市群/2014,22.47,95.81861111
開平の望楼群と村落/2007,22.28551944,112.5658611
マカオの歴史地区/2005,22.19129194,113.5333333
シエンフエゴスの歴史地区/2005,22.14722222,-80.45277778
シュンドルボン/1997,21.95,89.18333
スンダルバンス国立公園/1987,21.945,88.89583333
トリニダとロス・インヘニオス渓谷/1988,21.80305556,-79.98444444
ジッダの歴史地区：メッカの入口/2014,21.48388889,39.1875
カマグエイの歴史地区/2008,21.37861111,-77.91861111
ケレタロ州シエラ・ゴルダのフランシスコ会ミッション/2003,21.20438889,-99.46411111
ハノイにあるタン・ロン皇城遺跡の中心地/2010,21.03944444,105.8372222
グアナフアトの歴史地区と鉱山/1988,21.01694444,-101.2555556
サン・ミゲルの要塞都市とアトトニルコにあるナザレのイエスの聖地/2008,20.91444444,-100.7463889
ハ・ロン湾/1994,20.9,107.1
リュウゼツランの景観とテキーラ村の古式産業施設群/2006,20.86305556,-103.7786111
グアダラハラの救貧施設/1997,20.67388889,-103.3397222
チチェン・イツァの古代都市/1988,20.66666667,-88.6
ケレタロの歴史的建造物地区/1996,20.58333333,-100.3666667
アジャンターの石窟寺院群/1983,20.55333333,75.7
エル・タヒンの古代都市/1992,20.47638889,-97.3775
アレハンドロ・デ・フンボルト国立公園/2001,20.45,-75
ウシュマルの古代都市/1996,20.36166667,-89.77027778
チャン・アンの景観関連遺産群/2014,20.25666667,105.8963889
胡朝の要塞/2011,20.07805556,105.6047222
キューバ南東部におけるコーヒー農園発祥地の景観/2000,20.03,-75.39138889
エローラーの石窟寺院群/1983,20.02638889,75.17916667
サンティアゴ・デ・クーバのサン・ペドロ・デ・ラ・ロカ城/1997,19.96666667,-75.87083333
古都ルアン・パバン/1995,19.88888889,102.1333333
コナーラクのスーリヤ寺院/1984,19.8875,86.09472222
グランマ号上陸記念国立公園/1999,19.88333333,-77.63333333
歴史的要塞都市カンペチェ/1999,19.84638889,-90.53722222
パレルモのアラブ・ノルマン様式の建造物群と、チェファルとモンレアーレの大聖堂/2015,19.83527778,-98.66256667
パドレ・テンブレケ水利施設の水道橋/2015,19.83527778,-98.66256667
モレリアの歴史地区/1991,19.70444444,-101.1916667
オオカバマダラ蝶生物圏保存地域/2008,19.60638889,-100.2416667
ハイチの国立歴史公園：シタデル、サン・スーシ宮、ラミエ地区/1982,19.57361111,-72.24416667
メキシコ・シティの歴史地区とソチミルコ/1987,19.41833333,-99.13277778
ルイス・バラガン邸と仕事場/2004,19.41833333,-99.19833333
ハワイ火山国立公園/1987,19.40083333,-155.1236111
シアン・カーン自然保護区/1987,19.38333333,-87.79166667
メキシコ国立自治大学（UNAM）の中央大学都市キャンパス/2007,19.33222222,-99.18805556
ウニアンガ湖群/2012,19.055,20.50555556
プエブラの歴史地区/1987,19.04722222,-98.20833333
エレファンタ島の石窟寺院群/1987,18.96666667,72.93583333
チャトラパティ・シヴァージー・ターミナス駅（旧名ヴィクトリア・ターミナス）/2004,18.94012222,72.83620278
ポポカテペトル山麓の16世紀初期の修道院群/1994,18.93472222,-98.89777778
ソチカルコの古代遺跡地帯/1999,18.81027778,-99.275
トラコタルパンの歴史的建造物地区/1998,18.60833333,-95.65833333
ゲベル・バルカルとナパタ地域の遺跡群/2003,18.53333333,31.81666667
植民都市サント・ドミンゴ/1990,18.48333333,-69.91666667
プエルト・リコの要塞とサン・フアン国立歴史地区/1983,18.46666667,-66.11666667
乳香の大地：交易路と関連遺跡群/2000,18.25333333,53.64759167
カンペチェ州カラクムルの古代マヤ都市と保護熱帯雨林群/2002,18.1225,-89.78333333
ブルー・アンド・ジョン・クロウ山脈/2015,18.0775,-76.57111111
バンチェンの考古遺跡/1992,17.54861111,103.3583333
フォン・ニャ‐ケ・バン国立公園/2003,17.53722222,106.15125
パレンケの古代都市と国立公園/1987,17.48333333,-92.05
ブリムストーン・ヒル要塞国立公園/1999,17.34694444,-62.83722222
ティカル国立公園/1979,17.21666667,-89.61666667
オアハカの歴史地区とモンテ・アルバンの考古遺跡/1987,17.06194444,-96.72166667
スコータイと周辺の歴史地区/1991,17.00722222,99.78972222
アガデスの歴史地区/2013,16.97361111,7.991388889
オアハカの中部渓谷にあるヤグルとミトラの先史洞窟/2010,16.95083333,-96.42111111
フィリピンのコルディリェーラの棚田群/1995,16.93388889,121.1366667
ベリーズ・バリア・リーフ自然保護区/1996,16.75,-87.05833333
ジュジ国立鳥類保護区/1981,16.5,-16.16666667
フエの歴史的建造物群/1993,16.46944444,107.5777778
アスキア墳墓/2004,16.28979722,-0.044558333
サン・ルイ島/2000,16.02777778,-16.50444444
パッタダカルの寺院群/1987,15.94833333,75.81666667
城壁都市シバーム/1982,15.92694444,48.62666667
古都ホイアン/1999,15.88333333,108.3333333
リオ・プラタノ生物圏保存地域/1982,15.74444444,-84.675
ミーソン聖域/1999,15.51666667,108.5666667
ゴアの聖堂と修道院/1986,15.50222222,73.91166667
サナアの旧市街/1986,15.35555556,44.20805556
トゥンヤイ－ファイ・カ・ケン野生生物保護区/1991,15.33333333,98.91666667
ハンピの都市遺跡/1986,15.31444444,76.47166667
キリグア遺跡公園/1981,15.27055556,-89.04027778
モルヌ・トロワ・ピトン国立公園/1997,15.26666667,-61.28333333
シダーデ・ヴェーリャ、リベイラ・グランデの歴史地区/2009,14.91513889,-23.60519444
コパンのマヤ遺跡/1980,14.85,-89.13333333
チャムパーサックの文化的景観にあるワット・プーと関連古代遺跡群/2001,14.83333333,105.8
ゴレ島/1978,14.66722222,-17.40083333
アンティグア・グアテマラ/1979,14.56666667,-90.66666667
プレア・ビヒア寺院/2008,14.38833333,104.6838889
アユタヤと周辺の歴史地区/1991,14.34777778,100.5605556
ドン・パヤーイェン－カオ・ヤイの森林群/2005,14.33,102.05
ザビードの歴史地区/1993,14.19527778,43.31611111
アクスムの考古遺跡/1980,14.13019444,38.71861111
サルーム・デルタ/2011,13.83527778,-16.49861111
ホヤ・デ・セレンの考古遺跡/1993,13.8275,-89.36916667
ピトンズ管理地区/2004,13.80708333,-61.07036111
セネガンビアのストーン・サークル遺跡群/2006,13.69111111,-15.5225
シミエン国立公園/1978,13.18333333,38.06666667
歴史都市ブリッジタウンとその要塞/2011,13.09666667,-59.61388889
ニョコロ・コバ国立公園/1981,13.06666667,-12.71666667
マハーバリプラムの建築と彫刻群/1984,12.61666667,80.19166667
ソコトラ諸島/2008,12.5,53.83333333
レオン大聖堂/2011,12.435,-86.87805556
レオン・ビエホの遺跡群/2000,12.39722222,-86.61027778
ウィレムスタットの歴史地区：キュラソーにある内陸都市と港/1997,12.10194444,-68.90222222
ビキニ環礁－核実験場となった海/2010,11.6,165.3805556
インドの山岳鉄道群/1999,11.51027778,76.93583333
コロとその港/1993,11.4,-69.68333333
アワッシュ川下流域/1980,11.1,40.57938889
グアナカステ保護地区/1999,10.85,-85.61666667
大チョーラ朝寺院群/1987,10.78305556,79.1325
スクルの文化的景観/1999,10.74055556,13.57194444
カラカスの大学都市/2000,10.49055556,-66.89055556
カルタヘナの港、要塞、歴史的建造物群/1984,10.41666667,-75.53333333
クタマク：バタマリバ人の土地/2004,10.06666667,1.133333333
パナマのカリブ海側の要塞群：ポルトベロとサン・ロレンツォ/1980,9.553888889,-79.65583333
サンタ・クルス・デ・モンポスの歴史地区/1995,9.233333333,-74.43333333
コモエ国立公園/1983,9,-4
パナマ・ビエホ考古遺跡とパナマの歴史地区/1997,8.951111111,-79.54055556
ディキスの石球のある先コロンブス期の首長制集落群/2014,8.911388889,-83.4775
西ガーツ山脈/2012,8.529722222,77.24972222
ティヤの石碑群/1980,8.434916667,38.61211111
聖地アヌラーダプラ/1982,8.333333333,80.38333333
シーギリヤの古代都市/1982,7.95,80.75
ポロンナルワの古代都市/1982,7.915833333,81.00055556
ランギリ・ダンブッラの石窟寺院/1991,7.856666667,80.64916667
オスン－オソボの聖林/2005,7.755555556,4.552222222
ダリエン国立公園/1981,7.736111111,-77.54722222
ロス・カティオス国立公園/1994,7.666666667,-77
ニンバ山厳正自然保護区/1981,7.603194444,-8.390972222
スリランカ中央高地/2010,7.45245,80.8021
コイバ国立公園と特別海洋保護区/2005,7.433,-81.766
聖地キャンディ/1988,7.293611111,80.64027778
ロック・アイランドの南部ラグーン/2012,7.246925,134.3525
アボメーの王宮群/1985,7.183333333,1.983333333
シンハラジャ森林保護区/1988,6.416666667,80.5
キナバル自然公園/2000,6.25,116.5
ゴールの旧市街とその要塞/1988,6.021388889,80.21861111
パラマリボの歴史街区/2002,5.826111111,-55.15
タイ国立公園/1982,5.75,-7.666666667
ココス島国立公園/1997,5.533333333,-87.06666667
コロンビアのコーヒー農園の文化的景観/2011,5.471666667,-75.68166667
アシャンティ族の伝統的建造物群/1980,5.45,0.96667
メラカとジョージ・タウン：マラッカ海峡の歴史都市/2008,5.421388889,100.3458333
ガーナのベナン湾沿いの城塞群/1979,5.391027778,-0.493611111
カナイマ国立公園/1994,5.333333333,-61.5
コンソの文化的景観/2011,5.3,37.4
グラン・バッサムの歴史都市/2012,5.195833333,3.736388889
レンゴン渓谷の考古遺跡/2012,5.067908333,100.9723278
オモ川下流域/1980,4.8,35.96666667
グヌン・ムル国立公園/2000,4.13333,114.91667
ガランバ国立公園/1980,4,29.25
中央スリナム自然保護区/2000,4,-56.5
マルペロ動植物保護区/2006,3.966666667,-81.61666667
トゥルカナ湖国立公園群/1997,3.051305556,36.50366667
ジャー動物保護区/1987,3,13
サンガ川流域－三カ国を流れる大河/2012,2.609444444,16.55416667
ティエラデントロ国立考古公園/1995,2.583333333,-76.03333333
オカピ野生動物保護区/1996,2,28.5
サン・アグスティン考古公園/1995,1.916666667,-76.23333333
シンガポール植物園/2015,1.315277778,103.8161111
ヴィルンガ国立公園/1979,0.916666667,29.16666667
カスビのブガンダ王国の王墓/2001,0.348611111,32.55138889
キトの市街/1978,-0.233333333,-78.5
ガラパゴス諸島/1978,-0.816666667,-91
サンガイ国立公園/1983,-1.833333333,-78.33333333
サロンガ国立公園/1984,-2,21
セレンゲティ国立公園/1981,-2.333333333,34.56666667
中央アマゾン自然保護区群/2000,-2.333333333,-62.00833333
スマトラの熱帯雨林遺産/2004,-2.5,101.5
カフジ・ビエガ国立公園/1980,-2.5,28.75
サン・ルイスの歴史地区/1997,-2.514166667,-44.3025
クエンカのサンタ・アナ・デ・ロス・リオス歴史地区/1999,-2.883333333,-78.98333333
キリマンジャロ国立公園/1987,-3.066666667,37.36666667
フェニックス諸島保護地域/2010,-3.649722222,-172.8575
ブラジル沖の大西洋の島々：フェルナンド・デ・ノローニャとロカス環礁の保護区群/2001,-3.857944444,-32.42511111
ロレンツ国立公園/1999,-4.75,137.8333333
ククの古代農耕遺跡/2008,-5.783711111,144.3317222
ザンジバル島のストーン・タウン/2000,-6.163055556,39.18916667
ウジュン・クロン国立公園/1991,-6.75,105.3333333
人類化石出土のサンギラン遺跡/1996,-7.4,110.8166667
ボロブドゥールの仏教寺院群/1991,-7.607777778,110.2036111
リオ・アビセオ国立公園/1990,-7.75,-77.25
プランバナンの寺院群/1991,-7.752222222,110.4916667
オリンダの歴史地区/1982,-8.013333333,-34.845
チャンチャンの考古地区/1986,-8.108333333,-79.07777778
バリの文化的景観：バリ・ヒンドゥー哲学トリ・ヒタ・カラナを表す水利システム「スバック」/2012,-8.259166667,115.4027778
セラ・ダ・カピバラ国立公園/1991,-8.416666667,-42.33333333
コモド国立公園/1991,-8.543333333,119.4894444
キルワ・キシワニとソンゴ・ムナラの遺跡/1981,-8.957777778,39.52277778
セルー動物保護区/1982,-9,37.4
ウアスカラン国立公園/1985,-9.33333,-77.4
アルダブラ環礁/1982,-9.416666667,46.41666667
チャビンの考古遺跡/1985,-9.558333333,-77.16388889
聖都カラル・スペ/2009,-10.89166667,-77.52138889
サン・クリストヴァンのサン・フランシスコ広場/2010,-11.01611111,-37.21
東レンネル/1998,-11.68333,160.3166667
リマの歴史地区/1988,-12.05138889,-77.04305556
マヌー国立公園/1987,-12.25,-71.75
カカドゥ国立公園/1981,-12.83333333,132.8333333
サルヴァドル・デ・バイアの歴史地区/1985,-12.96666667,-38.5
マチュ・ピチュ/1983,-13.11666667,-72.58333333
クスコの市街/1983,-13.52222222,-71.98333333
セラード自然保護地域群：ヴェアデイロス平原国立公園とエマス国立公園/2001,-14.00569444,-47.68461111
ノエル・ケンプ・メルカード国立公園/2000,-14.26667,-60.86667
アツィナナナの熱帯雨林/2007,-14.45972222,49.7025
クイーンズランドの湿潤熱帯地域/1988,-15.65,144.9666667
ブラジリア/1987,-15.78333333,-47.9
ゴイアスの歴史地区/2001,-15.93444444,-50.14027778
チキトスのイエズス会ミッション/1990,-16,-60.5
アレキパの歴史地区/2000,-16.4,-71.53333333
ディスカヴァリー・コースト大西洋沿岸森林保護区群/1999,-16.5,-39.25
ティワナク：ティワナク文化の宗教的・政治的中心地/2000,-16.55833333,-68.67777778
パーヌルル国立公園/2003,-17.5,128.5
首長ロイ・マタの旧所領/2008,-17.62806944,168.1777194
レブカ歴史的港湾都市/2013,-17.68337778,178.8345333
パンタナル自然保護区/2000,-17.71667,-57.36666667
サマイパタの砦/1998,-18.16666667,-63.81666667
ディアマンティーナの歴史地区/1999,-18.23333333,-43.6
カパック・ニャン：アンデスの道/2014,-18.25,-69.59166667
グレート・バリア・リーフ/1981,-18.28611111,147.7
ツォディロの岩絵群/2001,-18.75,21.73333333
アンブヒマンガの丘の王領地/2001,-18.75916667,47.56277778
スクレの歴史都市/1991,-19.04305556,-65.25916667
オカバンゴ・デルタ/2014,-19.28333333,22.9
ポトシの市街/1987,-19.58361111,-65.75305556
カミ遺跡/1986,-20.15833333,28.37666667
アープラヴァシ・ガート/2006,-20.15863889,57.50316667
ハンバーストーンとサンタ・ラウラの硝石工場群/2005,-20.20580556,-69.79405556
オウロ・プレトの歴史都市/1980,-20.38888889,-43.50555556
ニューカレドニアの珊瑚礁：環礁の多様性と関連する生態系/2008,-20.41194444,164.5663889
コンゴーニャスのボン・ジェズス聖域/1985,-20.49972222,-43.85777778
レユニオン島：峻峰と圏谷、その外縁/2010,-21.09944444,55.48
ニンガルー・コースト/2011,-22.5625,113.8102778
リオ・デ・ジャネイロ：山と海に囲まれたカリオカの景観/2012,-22.94777778,-43.29138889
ケブラーダ・デ・ウマウアカ/2003,-23.19986111,-65.34886111
サウス・イースト大西洋沿岸森林保護区群/1999,-24.16667,-48
ヘンダーソン島/1988,-24.36666667,-128.3333333
ナミブ砂漠/2013,-24.88527778,15.40777778
フレーザー島/1992,-25.21666667,153.1333333
シャーク湾/1991,-25.48611111,113.4361111
パラナ川沿いのイエズス会布教施設群：ラ・サンティシマ・トリニダ・デ・パラナとヘスス・デ・タバランゲ/1993,-27.13333333,-55.7
ラパ・ニュイ国立公園/1995,-27.15,-109.45
オーストラリアのゴンドワナ雨林/1986,-28.25,150.05
グアラニのイエズス会布教施設群：サン・イグナシオ・ミニ、サンタ・アナ、ヌエストラ・セニョーラ・デ・ロレト、サンタ・マリア・マヨール（アルゼンチン側）、サン・ミゲル・ダス・ミソンイス（ブラジル側）/1983,-28.54333333,-54.26583333
コルドバのイエズス会管区教会堂と農園跡/2000,-31.42055556,-64.19111111
ロード・ハウ群島/1982,-31.56555556,159.0883333
海港都市バルパライソの歴史地区/2003,-33.04063889,-71.628
フライ・ベントスの産業景観/2015,-33.11777778,-58.33166667
オーストラリアの囚人収容所遺跡群/2010,-33.37833333,150.9944444
ブルー・マウンテンズ地域/2000,-33.7,150
シドニーのオペラハウス/2007,-33.85666667,151.2152778
ウィランドラ湖地域/1981,-34,143
セウェル鉱山都市/2006,-34.08444444,-70.38277778
コロニア・デル・サクラメントの歴史地区/1995,-34.46777778,-57.85333333
王立展示館とカールトン庭園/2004,-37.80611111,144.9702778
トンガリロ国立公園/1990,-39.29083333,175.5622222
ゴフ島及びインアクセシブル島/1995,-40.32472222,-9.928611111
タスマニア原生地帯/1982,-41.58333333,145.4166667
バルデス半島/1999,-42.5,-64
チロエの教会堂群/2000,-42.5,-73.76666667
テ・ワヒポウナム/1990,-45.03602778,167.3196111
ピントゥラス川のクエバ・デ・ラス・マノス/1999,-47.15,-70.66666667
ロス・グラシアレス国立公園/1981,-50,-73.24944
ニュージーランドの亜南極諸島/1998,-50.75,166.1044444
ハード島とマクドナルド諸島/1997,-53.1,73.5
マックォーリー島/1997,-54.59472222,158.8955556